<?xml version="1.0" encoding="UTF-8"?>
<!DOCTYPE mapper PUBLIC "-//mybatis.org//DTD Mapper 3.0//EN" "http://mybatis.org/dtd/mybatis-3-mapper.dtd">
<mapper namespace="com.cookie.shop.mapper.UserMapper">
  <resultMap id="BaseResultMap" type="com.cookie.shop.pojo.User">
    <id column="id" jdbcType="INTEGER" property="id" />
    <result column="username" jdbcType="VARCHAR" property="username" />
    <result column="email" jdbcType="VARCHAR" property="email" />
    <result column="password" jdbcType="VARCHAR" property="password" />
    <result column="name" jdbcType="VARCHAR" property="name" />
    <result column="phone" jdbcType="VARCHAR" property="phone" />
    <result column="address" jdbcType="VARCHAR" property="address" />
    <result column="isadmin" jdbcType="BIT" property="isadmin" />
    <result column="isvalidate" jdbcType="BIT" property="isvalidate" />
  </resultMap>
  <delete id="deleteByPrimaryKey" parameterType="java.lang.Integer">
    delete from t_user
    where id = #{id,jdbcType=INTEGER}
  </delete>
  <insert id="insert" parameterType="com.cookie.shop.pojo.User">
    insert into t_user (id, username, email, 
      password, name, phone, 
      address, isadmin, isvalidate
      )
    values (#{id,jdbcType=INTEGER}, #{username,jdbcType=VARCHAR}, #{email,jdbcType=VARCHAR}, 
      #{password,jdbcType=VARCHAR}, #{name,jdbcType=VARCHAR}, #{phone,jdbcType=VARCHAR}, 
      #{address,jdbcType=VARCHAR}, #{isadmin,jdbcType=BIT}, #{isvalidate,jdbcType=BIT}
      )
  </insert>
  <update id="updateByPrimaryKey" parameterType="com.cookie.shop.pojo.User">
    update t_user
    set username = #{username,jdbcType=VARCHAR},
      email = #{email,jdbcType=VARCHAR},
      password = #{password,jdbcType=VARCHAR},
      name = #{name,jdbcType=VARCHAR},
      phone = #{phone,jdbcType=VARCHAR},
      address = #{address,jdbcType=VARCHAR},
      isadmin = #{isadmin,jdbcType=BIT},
      isvalidate = #{isvalidate,jdbcType=BIT}
    where id = #{id,jdbcType=INTEGER}
  </update>
  <select id="selectByPrimaryKey" parameterType="java.lang.Integer" resultMap="BaseResultMap">
    select id, username, email, password, name, phone, address, isadmin, isvalidate
    from t_user
    where id = #{id,jdbcType=INTEGER}
  </select>
  <select id="selectAll" resultMap="BaseResultMap">
    select id, username, email, password, name, phone, address, isadmin, isvalidate
    from t_user
  </select>
	<select id="selectByUsernameUser" resultMap="BaseResultMap">
      select id, username, email, password, name, phone, address, isadmin, isvalidate
      from t_user
      where username = #{username}
    </select>
</mapper>