<?xml version="1.0" encoding="UTF-8"?>
<!DOCTYPE generatorConfiguration
		PUBLIC "-//mybatis.org//DTD MyBatis Generator Configuration 1.0//EN"
		"http://mybatis.org/dtd/mybatis-generator-config_1_0.dtd">

<generatorConfiguration>
	<!--
	    context标签targetRuntime有两个值
	        MyBatis3Simple: 生成的只有基本的增删改查
	        MyBatis3:   生成的是增强版，除了基础的增删改查还有复杂的增删改查
	 -->
	<context id="DB2Tables" targetRuntime="MyBatis3Simple">

		<!-- 防止生成重复代码 -->
		<plugin type="org.mybatis.generator.plugins.UnmergeableXmlMappersPlugin"/>
		<!-- 去除生成的注释 -->

		<commentGenerator>
			<!-- 不生成注释内容 -->
			<property name="suppressAllComments" value="true"/>
		</commentGenerator>

		<!-- 数据库连接配置 -->
		<!-- 注意xml中不支持&，用&amp;代替 -->
		<jdbcConnection driverClass="com.mysql.cj.jdbc.Driver"
		                connectionURL="jdbc:mysql://localhost:3306/cookieshop"
		                userId="root"
		                password="123456"/>

		<!-- 处理NUMERIC和DECIMAL类型的策略 -->
		<!-- <javaTypeResolver> -->
		<!-- 	<property name="forceBigDecimals" value="false" /> -->
		<!-- </javaTypeResolver> -->

		<!-- 配置pojo生成的位置 -->
		<javaModelGenerator targetPackage="com.cookie.shop.pojo"
		                    targetProject="src/main/java">
			<!-- enableSubPackages .转义/ -->
			<property name="enableSubPackages" value="true" />
			<!-- 是否去数据字段前后空白 -->
			<property name="trimStrings" value="true" />
		</javaModelGenerator>

		<!-- 配置sql映射文件的生成位置 -->
		<sqlMapGenerator targetPackage="com.cookie.shop.mapper"
		                 targetProject="src/main/resources">
			<property name="enableSubPackages" value="true" />
			<property name="trimStrings" value="true" />
		</sqlMapGenerator>

		<!-- 配置dao接口实现类的生成位置 type属性不要随便改-->
		<javaClientGenerator type="XMLMAPPER"
		                     targetPackage="com.cookie.shop.mapper"
		                     targetProject="src/main/java">
			<property name="enableSubPackages" value="true" />
			<property name="trimStrings" value="true" />
		</javaClientGenerator>

		<!-- 指定逆向依据的数据表对应实体类的名称 -->
		<table tableName="goods"
		       domainObjectName="Goods"/>
		<table tableName="order"
		       domainObjectName="Order"/>
		<table tableName="orderitem"
		       domainObjectName="OrderItem"/>
		<table tableName="recommend"
		       domainObjectName="Recommend"/>
		<table tableName="type"
		       domainObjectName="Type"/>
		<table tableName="t_user"
		       domainObjectName="User"/>
	</context>
</generatorConfiguration>