<?xml version="1.0" encoding="UTF-8"?>
<beans xmlns="http://www.springframework.org/schema/beans"
       xmlns:xsi="http://www.w3.org/2001/XMLSchema-instance" xmlns:mvc="http://www.springframework.org/schema/mvc"
       xmlns:context="http://www.springframework.org/schema/context"
       xsi:schemaLocation="http://www.springframework.org/schema/beans http://www.springframework.org/schema/beans/spring-beans.xsd http://www.springframework.org/schema/mvc https://www.springframework.org/schema/mvc/spring-mvc.xsd http://www.springframework.org/schema/context https://www.springframework.org/schema/context/spring-context.xsd">

	<!-- 开启mvc注解 -->

	<mvc:annotation-driven>
		<mvc:message-converters register-defaults="true">
			<bean class="com.alibaba.fastjson.support.spring.FastJsonHttpMessageConverter">
				<property name="supportedMediaTypes">
					<list>
						<value>application/json</value>
						<value>text/html;charset=UTF-8</value>
					</list>
				</property>
			</bean>
		</mvc:message-converters>
	</mvc:annotation-driven>

	<!-- 静态资源过滤 -->
	<mvc:resources location="/css/" mapping="/css/**"/>
	<mvc:resources location="/js/" mapping="/js/**"/>
	<mvc:resources location="/images/" mapping="/images/**"/>
	<mvc:resources location="/img/" mapping="/img/**"/>
	<mvc:resources location="/fonts/" mapping="/fonts/**"/>
	<mvc:resources location="/picture/" mapping="/picture/**"/>
	<!-- <mvc:default-servlet-handler/> -->
	<context:component-scan base-package="com.cookie.shop.controller"/>

	<!-- thymeleaf 模板解析器 -->
	<bean id="templateResolver" class="org.thymeleaf.spring5.templateresolver.SpringResourceTemplateResolver">
		<property name="prefix" value="/WEB-INF/template/" />
		<property name="suffix" value=".html" />
		<property name="templateMode" value="HTML" />
		<property name="cacheable" value="false" />
		<property name="characterEncoding" value="UTF-8"/>
	</bean>
	<bean id="templateEngine" class="org.thymeleaf.spring5.SpringTemplateEngine">
		<property name="templateResolver" ref="templateResolver" />
	</bean>
	<!--    视图解析器-->
	<bean id="viewResolver" class="org.thymeleaf.spring5.view.ThymeleafViewResolver">
		<property name="templateEngine" ref="templateEngine" />
		<property name="characterEncoding" value="UTF-8"/>
	</bean>


</beans>